{"data_time": 0.006135019997600466, "eta_seconds": 84628.08831365476, "iteration": 17, "loss_bbox": 11.141455173492432, "loss_bbox_0": 11.150148868560791, "loss_bbox_1": 11.150957584381104, "loss_bbox_2": 11.152639865875244, "loss_bbox_3": 11.148289203643799, "loss_bbox_4": 11.149867057800293, "loss_bbox_5": 11.14240837097168, "loss_bbox_6": 11.142304420471191, "loss_bbox_7": 11.140586376190186, "loss_bbox_8": 11.142980575561523, "loss_bbox_dn": 0.20626206696033478, "loss_bbox_dn_0": 0.20626206696033478, "loss_bbox_dn_1": 0.20626206696033478, "loss_bbox_dn_2": 0.20626206696033478, "loss_bbox_dn_3": 0.20626206696033478, "loss_bbox_dn_4": 0.20626206696033478, "loss_bbox_dn_5": 0.20626206696033478, "loss_bbox_dn_6": 0.20626206696033478, "loss_bbox_dn_7": 0.20626206696033478, "loss_bbox_dn_8": 0.20626206696033478, "loss_bbox_head": 1.1485509276390076, "loss_bbox_head_0": 0.9849113821983337, "loss_bbox_head_1": 1.1271232962608337, "loss_bbox_interm": 1.2631475925445557, "loss_ce": 49.830753326416016, "loss_ce_0": 51.508975982666016, "loss_ce_1": 49.36156463623047, "loss_ce_2": 59.756086349487305, "loss_ce_3": 66.55598831176758, "loss_ce_4": 58.60536193847656, "loss_ce_5": 73.0236701965332, "loss_ce_6": 54.12738227844238, "loss_ce_7": 52.70726203918457, "loss_ce_8": 51.98457908630371, "loss_ce_dn": 16.25958251953125, "loss_ce_dn_0": 17.597270965576172, "loss_ce_dn_1": 16.42795181274414, "loss_ce_dn_2": 19.978032112121582, "loss_ce_dn_3": 19.978373527526855, "loss_ce_dn_4": 17.350112915039062, "loss_ce_dn_5": 22.176257133483887, "loss_ce_dn_6": 15.904701709747314, "loss_ce_dn_7": 15.302234649658203, "loss_ce_dn_8": 15.715382099151611, "loss_ce_head": 583.6991577148438, "loss_ce_head_0": 586.1286315917969, "loss_ce_head_1": 612.8902893066406, "loss_ce_interm": 52.26362991333008, "loss_dice": 4.970875978469849, "loss_dice_0": 4.9739274978637695, "loss_dice_1": 4.972879409790039, "loss_dice_2": 4.973259210586548, "loss_dice_3": 4.973073482513428, "loss_dice_4": 4.974555969238281, "loss_dice_5": 4.975348949432373, "loss_dice_6": 4.972222566604614, "loss_dice_7": 4.972214937210083, "loss_dice_8": 4.972148180007935, "loss_dice_dn": 4.974000453948975, "loss_dice_dn_0": 4.9729835987091064, "loss_dice_dn_1": 4.97266697883606, "loss_dice_dn_2": 4.973428249359131, "loss_dice_dn_3": 4.973376750946045, "loss_dice_dn_4": 4.973937273025513, "loss_dice_dn_5": 4.971548795700073, "loss_dice_dn_6": 4.971855640411377, "loss_dice_dn_7": 4.970975160598755, "loss_dice_dn_8": 4.972461700439453, "loss_dice_interm": 4.976506471633911, "loss_direction": 10.4592924118042, "loss_gaze": 1450.0003051757812, "loss_giou": 1.9949312210083008, "loss_giou_0": 1.994929850101471, "loss_giou_1": 1.9949315786361694, "loss_giou_2": 1.9949320554733276, "loss_giou_3": 1.9949319958686829, "loss_giou_4": 1.9949334263801575, "loss_giou_5": 1.994933843612671, "loss_giou_6": 1.9949332475662231, "loss_giou_7": 1.9949313402175903, "loss_giou_8": 1.99493408203125, "loss_giou_dn": 0.8580754101276398, "loss_giou_dn_0": 0.8530882894992828, "loss_giou_dn_1": 0.8530882298946381, "loss_giou_dn_2": 0.8530882596969604, "loss_giou_dn_3": 0.8532339036464691, "loss_giou_dn_4": 0.8544591963291168, "loss_giou_dn_5": 0.8558085858821869, "loss_giou_dn_6": 0.85737144947052, "loss_giou_dn_7": 0.8580754101276398, "loss_giou_dn_8": 0.8580754101276398, "loss_giou_head": 0.6955070197582245, "loss_giou_head_0": 0.6341653764247894, "loss_giou_head_1": 0.6730157136917114, "loss_giou_interm": 2.5466396808624268, "loss_mask": 3.6683952808380127, "loss_mask_0": 2.383144974708557, "loss_mask_1": 3.451763868331909, "loss_mask_2": 4.120529413223267, "loss_mask_3": 3.4943848848342896, "loss_mask_4": 3.3281620740890503, "loss_mask_5": 3.250564932823181, "loss_mask_6": 3.7653002738952637, "loss_mask_7": 3.637637138366699, "loss_mask_8": 4.358365297317505, "loss_mask_dn": 3.6149468421936035, "loss_mask_dn_0": 3.669917583465576, "loss_mask_dn_1": 4.140723466873169, "loss_mask_dn_2": 5.170966148376465, "loss_mask_dn_3": 3.941498637199402, "loss_mask_dn_4": 3.476676344871521, "loss_mask_dn_5": 3.3968855142593384, "loss_mask_dn_6": 3.8203577995300293, "loss_mask_dn_7": 3.920044183731079, "loss_mask_dn_8": 4.856192111968994, "loss_mask_energy": 2.1100966930389404, "loss_mask_interm": 2.5154476165771484, "lr": 0.0001, "rank_data_time": 0.006135019997600466, "time": 0.46890043502207845, "total_loss": 4386.418801486492}
